_71_,ea1b85d2-b6f4-42be-ad0e-10e3d8a0fceb
adamo1130,3afa05fe-cf55-48d5-9c61-28962d842b23
awesss,4ecc907f-d0dc-4c18-bb2a-f9e1f71f5ab3
choocobo,4ecc907f-d0dc-4c18-bb2a-f9e1f71f5ab3
comediccoder,2b84567d-f66e-4bad-b8fd-c0444c57bed8
daofficialowen,31ec30b9-3c83-40ce-9f8b-ea94a7de7f3d
epickiller321,1562a3dd-6aef-4d1f-ac98-ee27d6634b85
ibellaslyman,560984c2-4090-4e29-902b-f8dac1bad41e
itzbob_,815f9c34-465d-4e28-874f-83df96c8aecd
jessandzack,ca908816-8795-49d0-8367-ddf29c4a326c
ladysjako,633e9492-e24b-4eca-8531-a83ae36f58d7
masterk9910,4a8bbb8d-4d9d-4cee-a8ba-8151b67c20cf
mooshroomfunxl,e2ec8e14-9040-4d03-b933-bd7a0fcdd3fc
ninjyx,9f951c8c-83c6-4db6-93f8-ed843d358ca9
oncologic,6a64e6ab-e97c-41c1-9165-c095d33102ae
preistest_dragon,b1d489a0-0a6f-44c1-997b-135a7bcc0916
psychics_,4ecc907f-d0dc-4c18-bb2a-f9e1f71f5ab3
stimpayyyyyyyyy,6a64e6ab-e97c-41c1-9165-c095d33102ae
swaven,fc7a8ba0-ecdf-40ec-a0c5-bdb9985ad22b
theolympicpanda,eb38fa09-2d8c-41e8-b21a-15fe51343750
thunderkirby12,ed166b09-964e-41be-a2ae-0a69a3affde1
tommy2009,8288263b-7873-4a3c-9df9-b6392d78808f
unstabletnt,77dfc7d1-7e24-4371-9f9d-c89cf60bc59a
witchhutmission,d99759fc-1364-487d-80c1-15929e616b27
xlenapikachux,f2692e16-5e93-4930-99cc-e45e70ada7d2
