_71_,e09153c9-f7d6-36eb-8874-95e24fa8841a
_dogethedog_,8ae74791-2e16-401d-a76d-01b93078c493
_originaldoge_,010c1522-cd50-4c94-b945-1fdf87b79c0a
_xxcatloverxx_,af7810ab-8245-4ba6-8d33-19d9e38c03f9
abbyblabby,e9a99e88-5a0e-4af5-a84c-7f526042781d
adamo1130,3afa05fe-cf55-48d5-9c61-28962d842b23
aphmaufan679,62a922e8-297b-3e6a-8a59-435c6e24c825
awesomegamer777,2939f6a2-178c-4284-b0de-33d1f76cc493
awesss,83360a69-890b-3273-ab08-fba0a2818de1
breakinqankles,d1ca8c81-4ba8-40b3-b341-fcaef165c687
cal3b123,e4473ac3-a637-4fc6-8bba-1feb79b51ddd
carter678,d4e37c49-aa95-46af-8e5a-29fbfa5358b7
chihuahualove01,cb5c8e18-c741-4b6d-a5b3-39755a12fa6f
choocobo,f15bc3ce-d53d-3a1e-aef5-3927adc09305
churrooooooooooo,75c90b56-4646-430d-b078-5f46b231834c
comediccoder,f0871f0e-f90a-3945-859f-d9b012ad0eef
courtneycat185,c2beaee9-d673-4e5d-9ec7-f4d770e86351
cowboy_gaming,7e056bb3-e82d-40ed-adbf-a0a50b67eabc
daofficialowen,8bd578a9-8af6-3278-9b23-106eeb8ca5e4
deezcooldonuts,4eade716-764c-4289-b132-7eb42e5e284f
dxspirit,2d5110a0-6ac4-32a4-823a-1b0e944a3026
emeraldtrek,c75dd531-f733-39c7-83d0-1a2d812ba198
enderog,a3d20104-f920-4af0-a6fb-59f17a644212
famusj,fc7a8ba0-ecdf-40ec-a0c5-bdb9985ad22b
faze_japun,fc7a8ba0-ecdf-40ec-a0c5-bdb9985ad22b
flyasgermanwings,bc384491-4cf7-4185-be07-9bdb5a8310d4
hallie_cakes,a5c47ed6-f8e6-3c2d-b485-79cb19466455
hypnoanime,82c2f996-1172-4882-9d6c-95837514937f
ibellaslyman,560984c2-4090-4e29-902b-f8dac1bad41e
iisquishy,fa7d698c-92a5-426a-8033-c65a217e4167
itzbob_,2b48d336-c60d-319a-9acb-79365b00410c
jakec76,fb0693b5-1881-4fa5-9e0a-eac8dceff50e
jaysonmyfeet554,8f8ccbeb-e3d3-42f2-be35-e2208cce8e87
jclarkgreen,d91771c2-64d8-4e2c-a03f-4df04ec1ea8c
k00l_aid_man_69,e9a99e88-5a0e-4af5-a84c-7f526042781d
kiinqtong,26fa04a6-1e5c-4042-861b-a810c8b0a3d4
kocq,6a64e6ab-e97c-41c1-9165-c095d33102ae
ladyshaka,aec520a1-9426-4f76-a4a9-b4201927fb62
ladysjako,633e9492-e24b-4eca-8531-a83ae36f58d7
lightwarrior_kaz,fd750f36-eef4-4661-9127-c35366f1fa19
llapisbombl,13eedfa9-ee65-4cf9-aa6f-aea3577bb837
masterk9910,4a8bbb8d-4d9d-4cee-a8ba-8151b67c20cf
momgetmemysteak,9ba44912-e1bf-45f2-85d4-eb49af674211
mooshroomfunxl,e2ec8e14-9040-4d03-b933-bd7a0fcdd3fc
mr_cookie105,4d5b8aca-02b5-4d29-9834-7ef8760d2454
mushroompig,ebf22a5b-11a1-44f8-90b5-a21caeaf10e4
neotv69,7aa1b469-e527-4284-9de5-ba85601fa42e
ninjyx,469acdec-9d62-3f18-ade6-a93443123061
nonocp,ebddb6ee-72be-43e5-8b1c-f4f470f88b91
oncologic,42ab5a55-b9d8-3556-81b6-5c61a78d3e2c
oreomisty,9c6e7247-31ef-4d3b-bbdb-c5f61d07ef42
oreomisty6567,542f10ed-4792-4c09-97fe-03a86b108efa
panda457,eb38fa09-2d8c-41e8-b21a-15fe51343750
piepiganonymous,896b9ac9-bec1-3255-a6dc-1df731a29c7e
pixelminerxd123,e561350f-fc3d-44de-b4f6-e77e42140a08
plecostemous,c79e0d60-51db-49a7-8fab-90270ae26a00
powa_panda,eb38fa09-2d8c-41e8-b21a-15fe51343750
preistest_dragon,27717bdf-4ee4-3952-ad82-4dd6334b9a98
prettygirl12,a9507987-8b74-4207-9ee2-815f1d34a081
psychics_,4ecc907f-d0dc-4c18-bb2a-f9e1f71f5ab3
pvp_notmemc,d8e09e47-4aa4-4a28-9166-c7758e702e46
redeyedmob,6ca1556b-0889-4e8c-a841-a3308cb78446
s1zoma,bc384491-4cf7-4185-be07-9bdb5a8310d4
skyisasquid,91658022-8a47-4f3d-9c4e-2ed2d7cc61c6
slimypanda,a579c5cb-5bb2-428d-b447-cff99d719066
smiley10234,8109b588-55c1-4f11-b574-c5d99663690e
stoneslicer,eb38fa09-2d8c-41e8-b21a-15fe51343750
swaven,f4bb3921-e0e6-3356-92bb-08f44c78d1c1
thatolddog,c2960ff8-92e0-4802-b61b-5ba87ae8e10b
theolympicpanda,8aff249d-389f-3a1b-9be8-38c7adaafde8
thunderkirby12,f01a776d-ab7f-37d1-bf13-6613caac4df0
tommy2009,8288263b-7873-4a3c-9df9-b6392d78808f
triforcestudios,64e9cdcd-0d1e-4915-9a33-174be922cbec
unstabletnt,0293ad6f-2b7b-30ad-9e51-d0558df6b58a
xsamohtpvp,56ad32bf-c7d8-4d7c-bcc9-7effbcb79079
zombieaceman77,06618303-06b2-4682-b3ef-85f8a1ef96d1
